Ref,Val,Package,PosX,PosY,Rot,Side
"C201","47uF","C_0805_2012Metric",166.300000,-119.410000,0.000000,top
"C202","47uF","C_0805_2012Metric",166.300000,-121.660000,0.000000,top
"C203","47uF","C_0805_2012Metric",162.250000,-121.660000,180.000000,top
"C204","47uF","C_0805_2012Metric",162.250000,-119.410000,180.000000,top
"C205","2.2uF","C_0805_2012Metric",167.000000,-98.400000,0.000000,top
"C206","2.2uF","C_0805_2012Metric",167.000000,-100.900000,0.000000,top
"C207","2.2uF","C_0805_2012Metric",161.200000,-108.660000,180.000000,top
"C208","2.2uF","C_0805_2012Metric",161.200000,-115.100000,180.000000,top
"C209","10uF","C_0805_2012Metric",147.200000,-72.660000,0.000000,top
"C210","10uF","C_0805_2012Metric",150.750000,-67.410000,-90.000000,top
"C301","2.2u","C_0603_1608Metric",133.135589,-85.089411,45.000000,top
"C302","100n","C_0402_1005Metric",134.200000,-86.250000,45.000000,top
"C303","100n","C_0402_1005Metric",135.500000,-92.700000,135.000000,top
"C304","100n","C_0402_1005Metric",147.300000,-77.975000,-45.000000,top
"C305","100n","C_0402_1005Metric",147.350000,-99.950000,-135.000000,top
"C306","100n","C_0402_1005Metric",156.060589,-91.239411,-135.000000,top
"C307","100n","C_0402_1005Metric",137.300000,-94.450000,135.000000,top
"C308","100n","C_0402_1005Metric",140.575000,-97.950000,135.000000,top
"C309","100n","C_0402_1005Metric",139.560589,-98.910589,135.000000,top
"C310","100n","C_0402_1005Metric",138.450000,-99.950000,135.000000,top
"C311","100n","C_0402_1005Metric",168.687500,-80.800000,-90.000000,top
"C312","100n","C_0402_1005Metric",166.687500,-80.800000,-90.000000,top
"C313","100n","C_0402_1005Metric",168.950000,-73.350000,0.000000,top
"C314","10p","C_0402_1005Metric",136.310589,-97.189411,-135.000000,top
"C315","10p","C_0402_1005Metric",134.810589,-98.689411,45.000000,top
"C316","100n","C_0402_1005Metric",139.000000,-80.465923,45.000000,top
"C317","100n","C_0402_1005Metric",159.250000,-79.160000,135.000000,top
"C318","2.2u","C_0603_1608Metric",156.750000,-92.450000,45.000000,top
"C319","2.2u","C_0603_1608Metric",148.750000,-77.250000,135.000000,top
"C401","1n","C_0402_1005Metric",150.775000,-130.090000,-90.000000,top
"C402","100n","C_0402_1005Metric",142.400000,-132.200000,-90.000000,top
"C403","100n","C_0402_1005Metric",164.025000,-128.050000,180.000000,top
"C404","100n","C_0402_1005Metric",157.555000,-128.000000,180.000000,top
"C405","22u","C_0805_2012Metric",147.340000,-126.600000,0.000000,top
"C406","10n","C_0402_1005Metric",164.025000,-133.300000,180.000000,top
"C407","4.7u","C_0603_1608Metric",151.775000,-127.400000,0.000000,top
"C408","150p","C_0603_1608Metric",166.800000,-133.300000,0.000000,top
"C409","1n","C_0402_1005Metric",160.025000,-133.630000,-90.000000,top
"C410","150p","C_0603_1608Metric",153.025000,-129.840000,0.000000,top
"C411","2.2uF","C_0805_2012Metric",135.300000,-113.250000,0.000000,top
"C412","2.2uF","C_0805_2012Metric",135.300000,-118.900000,0.000000,top
"C419","1n","C_0402_1005Metric",123.250000,-130.680000,-90.000000,top
"C420","100n","C_0402_1005Metric",135.230000,-133.200000,0.000000,top
"C421","100n","C_0402_1005Metric",130.000000,-128.500000,180.000000,top
"C422","4.7u","C_0603_1608Metric",124.225000,-127.640000,0.000000,top
"C423","1n","C_0402_1005Metric",132.500000,-134.000000,-90.000000,top
"C424","150p","C_0603_1608Metric",125.475000,-130.100000,0.000000,top
"C428","10u","C_0603_1608Metric",144.250000,-109.910000,180.000000,top
"C429","100n","C_0402_1005Metric",144.750000,-111.410000,180.000000,top
"C430","10u","C_0603_1608Metric",147.750000,-122.410000,180.000000,top
"C431","100n","C_0402_1005Metric",147.025000,-120.910000,180.000000,top
"C432","10u","C_0603_1608Metric",144.525000,-122.410000,0.000000,top
"C433","100n","C_0402_1005Metric",145.025000,-120.910000,0.000000,top
"D201","MBR0530","D_SOD-123",164.450000,-107.410000,90.000000,top
"D202","MBR0530","D_SOD-123",167.500000,-94.650000,90.000000,top
"D203","SMAJ15A","D_SMA",170.750000,-95.900000,-90.000000,top
"D204","LED","LED_0603_1608Metric",141.390000,-72.650000,0.000000,top
"D302","PESD3V3L5UY","SOT-363_SC-70-6",136.199013,-77.618885,135.000000,top
"D303","LED_RGBA","LED_SMD_RGB_AAA3528LSEEZGKQBKS",156.500000,-79.910000,-135.000000,top
"D401","SMAJ15A","D_SMA",170.300000,-131.182500,-90.000000,top
"D403","SMAJ15A","D_SMA",119.500000,-131.150000,-90.000000,top
"FB201","120R","L_0603_1608Metric",164.250000,-99.687500,-90.000000,top
"FB301","120R","L_0603_1608Metric",140.400000,-100.750000,-135.000000,top
"FB302","120R","L_0603_1608Metric",167.687500,-78.800000,180.000000,top
"IC401","PCM3060PWR","SOP65P640X120-28N",145.000000,-116.000000,-90.000000,top
"J202","Screw_Terminal_01x02","TerminalBlock_Phoenix_MPT-0,5-2-2.54_1x02_P2.54mm_Horizontal",176.500000,-96.450000,90.000000,top
"J301","USB_C_Receptacle_USB2.0","USB_C_Receptacle_HRO_TYPE-C-31-M-12",177.450000,-76.350000,90.000000,top
"J303","Screw_Terminal_01x06","TerminalBlock_Phoenix_MPT-0,5-6-2.54_1x06_P2.54mm_Horizontal",113.500000,-96.120000,-90.000000,top
"J401","Screw_Terminal_01x02","TerminalBlock_Phoenix_MPT-0,5-2-2.54_1x02_P2.54mm_Horizontal",176.500000,-131.680000,90.000000,top
"J402","Screw_Terminal_01x02","TerminalBlock_Phoenix_MPT-0,5-2-2.54_1x02_P2.54mm_Horizontal",113.500000,-129.160000,-90.000000,top
"R201","10R","R_0805_2012Metric",164.200000,-116.000000,-90.000000,top
"R202","1k","R_0402_1005Metric",144.390000,-72.650000,180.000000,top
"R301","10k","R_0402_1005Metric",135.250000,-83.410000,-45.000000,top
"R302","0R","R_0603_1608Metric",136.939447,-98.552634,45.000000,top
"R303","5.1k","R_0402_1005Metric",175.250000,-82.350000,180.000000,top
"R304","5.1k","R_0402_1005Metric",175.200000,-70.350000,180.000000,top
"R305","0R","R_0603_1608Metric",138.950000,-74.750000,135.000000,top
"R306","0R","R_0603_1608Metric",137.750987,-75.931115,135.000000,top
"R307","0R","R_0603_1608Metric",134.500000,-79.150000,135.000000,top
"R308","0R","R_0603_1608Metric",137.949013,-79.368885,45.000000,top
"R309","325R (300R)","R_0603_1608Metric",155.250000,-83.660000,45.000000,top
"R310","325R (300R)","R_0603_1608Metric",154.000000,-82.410000,45.000000,top
"R311","750R","R_0603_1608Metric",152.750000,-81.160000,45.000000,top
"R401","1k","R_0402_1005Metric",144.700000,-128.260000,0.000000,top
"R402","1M","R_0402_1005Metric",162.025000,-133.300000,180.000000,top
"R403","1k","R_0402_1005Metric",146.890000,-128.260000,0.000000,top
"R404","1k","R_0402_1005Metric",166.775000,-130.115000,180.000000,top
"R405","6.8k","R_0603_1608Metric",160.025000,-130.485000,-90.000000,top
"R406","22k","R_0603_1608Metric",157.525000,-133.200000,180.000000,top
"R407","12k","R_0603_1608Metric",153.775000,-132.340000,90.000000,top
"R408","100R","R_0402_1005Metric",154.000000,-127.650000,90.000000,top
"R409","1M","R_0402_1005Metric",166.775000,-131.365000,180.000000,top
"R410","100k","R_0402_1005Metric",141.250000,-120.910000,180.000000,top
"R411","5.1k","R_0603_1608Metric",134.350000,-116.100000,-90.000000,top
"R417","10k","R_0603_1608Metric",151.750000,-110.325000,-90.000000,top
"R418","10k","R_0603_1608Metric",150.000000,-110.325000,-90.000000,top
"R419","0R","R_0603_1608Metric",151.000000,-106.485000,-90.000000,top
"R420","0R","R_0603_1608Metric",146.000000,-106.500000,-90.000000,top
"R421","6.8k","R_0603_1608Metric",132.500000,-130.650000,-90.000000,top
"R422","22k","R_0603_1608Metric",130.000000,-133.550000,180.000000,top
"R423","12k","R_0603_1608Metric",126.250000,-132.750000,90.000000,top
"R424","0R","R_0603_1608Metric",148.500000,-106.485000,-90.000000,top
"R425","100R","R_0402_1005Metric",126.450000,-127.900000,90.000000,top
"R426","0R","R_0603_1608Metric",143.500000,-106.500000,-90.000000,top
"R427","10k","R_0402_1005Metric",122.000000,-128.140000,90.000000,top
"R428","0R","R_0603_1608Metric",153.500000,-106.500000,-90.000000,top
"R429","10k","R_0402_1005Metric",139.000000,-120.910000,0.000000,top
"SW301","SW_SPDT","SW_SPDT_PCM12",112.220000,-84.410000,-90.000000,top
"U201","NCP718xSN500","SOT-23-5",161.200000,-111.910000,-90.000000,top
"U202","NCP1117-3.3_SOT223","SOT-223-3_TabPin2",145.000000,-67.910000,180.000000,top
"U301","USBLC6-2SC6","SOT-23-6",168.487500,-75.850000,180.000000,top
"U303","STM32H723VGTx","LQFP-100_14x14mm_P0.5mm",145.000000,-88.910000,45.000000,top
"U401","TLV9161IDBVR","SOT95P280X145-5N",145.100000,-130.750000,180.000000,top
"U402","TLV9161IDBVR","SOT95P280X145-5N",163.275000,-130.550000,0.000000,top
"U403","TLV9161IDBVR","SOT95P280X145-5N",156.775000,-130.550000,0.000000,top
"U406","TLV9161IDBVR","SOT95P280X145-5N",136.000000,-130.780000,180.000000,top
"U407","TLV9161IDBVR","SOT95P280X145-5N",129.250000,-130.950000,0.000000,top
"Y301","24MHz","Crystal_SMD_3225-4Pin_3.2x2.5mm",133.910589,-96.089411,-135.000000,top
